List booking đề xuất,,,,,,,,,,
Tiêu chí,,,,,,,,,,
MẢNG THỜI TRANG ,,,,,,,,,,
,,,,,,,,,,
STT,Username (TIKTOK) ,Link Kênh KOC - TIKTOK ,Cast/sản phẩm,Followers,"GMV
(trong vòng khoảng 1 tháng)",View Trung bình,GPM,Số món bán ra,GMV trung bình / KH,Tỷ lệ hoa hồng trung bình 
1,chi.nam.m48,chị nấm m48,"1,000,000 ₫","56,100",35.3M,486.96K,35.1K,110,346.5K,10%
2,_itstran999,https://www.tiktok.com/@_itstran999,"600,000 ₫","107,900",661.8K₫,"52,38K",27.8K,106,131.4K₫-262.7K₫,12%
3,05_hvi,Link tiktok,"50,000 ₫",364,661.8K₫,186,120.6K,10,181.3K₫,15%
4,mnhi_0,Tiktok,"200,000 ₫","67,800",329.1K₫,149,49.5K,1,101.9K₫,13%
5,lilky_f,https://www.tiktok.com/@lilky_f?_r=1&_t=ZS-92rw93p4JO9,"200,000 ₫","3,817",17.6M₫,101,125.7K,145,135.1K₫,25%
6,thuyynhavenus,Nhã,Freecast,"2,396",895.3K₫,260,226.6K,7,234.0K,22%
7,aishlkl,https://www.tiktok.com/@aishlkl,"850,000 ₫","11,100",100K₫-500K₫,2K,23.0K,5,0₫-131.4K₫,23%
8,naiu1203,https://www.tiktok.com/@naiu1203?_r=1&_t=ZS-92sFhEI3OwK,"300,000 ₫","1,265",0-50K₫,"1,03K",23.0K,50,0₫-131.4K₫,21%
9,trn_11y,https://www.tiktok.com/@trn_11y,Freecast,"106,000",791.5M₫,"1,72K",99.2K₫,"7,08K",118.0K₫,9%
10,ngoctrinhhere,https://www.tiktok.com/@ngoctrinhhere,Freecast,"1,174",4.8M₫,144,135.8K,21,131.4K₫-262.8K₫,8%
11,huaphuongthaoo,https://www.tiktok.com/@huaphuongthaoo?shop_region=VN,"250,000 ₫","82,600",895.3K₫,"5,05K",225.7K,"4,25K",131.3K₫-262.7K₫,12%
12,sarah.babie,www.tiktok.com/@sarah.babie ,"800,000 ₫","4,862",486.96K,186,225.7K,,131.3K₫-262.7K₫,14%
13,changthoitrang_,https://www.tiktok.com/@changthoitrang_?shop_region=VN,"200,000 ₫","47,200","52,38K",149,225.0K,"23,47K",143.1K,11%
14,fuonggnee_,https://www.tiktok.com/@fuonggnee_,"350,000 ₫","804,000",186,101,107.2K,"4,09K",112.6K,17%
15,minhatminh,https://www.tiktok.com/@minhatminh?_r=1&_t=ZS-92wboBn1Rvb,"300,000 ₫","594,000",149,260,99.2K₫,145,0₫-131.4K₫,8%
16,"buiquynhtrangg02
",https://www.tiktok.com/@buiquynhtrangg02?_r=1&_t=ZS-92vsiGJUR5m,"200,000 ₫","459,000",101,2K,135.8K,7,118.0K₫,15%
17,luvdyanne,https://www.tiktok.com/@luvdyanne?_r=1&_t=ZS-92vpMtJi60A,Freecast ,"28,300",260,"1,03K",225.7K,5,131.4K₫-262.8K₫,13%
18,_whosnqoc07,https://www.tiktok.com/@_whosnqoc07?_r=1&_t=ZS-92vdLzOkI2K,"500,000 ₫","32,300",2K,"1,72K",41.4K,50,131.3K₫-262.7K₫,12%
19,shysiej,https://www.tiktok.com/@shysiej?_r=1&_t=ZS-92vcYtv97rk,"1,500,000 ₫","118,300","1,03K",144,99.4K,"1,29K
","0₫-131.3K₫
",12%
20,lemingo,https://www.tiktok.com/@lemingo,Freecast ,"45,200","1,72K","5,05K",899.4K,904,"131.3K₫-262.6K₫",12%
21,nhunghannee,https://www.tiktok.com/@nhunghannee,Freecast ,"94,100",144,,899.4K,708,,12%
22,xha710,https://www.tiktok.com/@xha710,Free cast ,"18,700",895.3K₫,542,119.9K,"2,14K","131.3K₫-262.6K₫",12%
23,Iuvietquats1tg ,https://www.tiktok.com/@iuvietquats1tg,Free cast ,"15,800",329.1K₫,483,78.2K,"4,65K",0₫-131.3K₫,11%
24,Xthoa205,https://www.tiktok.com/@xthoa205,Free cast ,"32,800",17.6M₫,503,66.7K,"1,9K","0₫-131.3K₫",11%
23,"pnl.xgg
",https://www.tiktok.com/@pnl.xgg,"500,000 ₫","288,300",895.3K₫,186,99.2K₫,"2,14K",0₫-131.4K₫,11%
24,"vr.sad1
",https://www.tiktok.com/@vr.sad1,"450,000 ₫","217,800",100K₫-500K₫,149,135.8K,"4,65K",118.0K₫,11%
25,huyenyeuthoitrang,https://www.tiktok.com/@huyenyeuthoitrang,"800,000 ₫","180,000",0-50K₫,101,225.7K,"1,9K",131.4K₫-262.8K₫,10%
26,tuangg._,https://www.tiktok.com/@tuangg._,"100,000 ₫","17,200",791.5M₫,260,135.8K,,131.3K₫-262.7K₫,10%
27,n.t.review24,https://www.tiktok.com/@n.t.review24,Freecast ,"9,102",4.8M₫,2K,225.7K,,131.3K₫-262.7K₫,10%
28,"_bunnyoxy
",https://www.tiktok.com/@_bunnyoxy?_r=1&_t=ZS-92sUnNnQfFi,"400,000 ₫","8,589",895.3K₫,"1,03K",349.8K,"3,02K
","0₫-131.4K₫
",10%
29,instillgrowth,https://www.tiktok.com/@instillgrowth?_r=1&_t=ZS-92sUQ0WAZM2,"200,000 ₫","86,300",486.96K,"1,72K",99.2K₫,276,0₫-131.4K₫,9%
30,"oanhnehe1
",https://www.tiktok.com/@oanhnehe1?_r=1&_t=ZS-92sUAGoHKRW,"200,000 ₫","86,300","52,38K",144,135.8K,"1,29K
",118.0K₫,9%
31,"linh.lyy88
",https://www.tiktok.com/@linh.lyy88?_r=1&_t=ZS-932Q1cbBjiq,Freecast ,"34,300",186,"5,05K",225.7K,904,131.4K₫-262.8K₫,9%
32,_ngocanhoiw_,https://www.tiktok.com/@_ngocanhoiw_?_r=1&_t=ZS-932NqjmMDZf,Freecast ,"43,100",149,149,99.2K₫,904,131.3K₫-262.7K₫,9%
33,buns_day,https://www.tiktok.com/@buns_day?_r=1&_t=ZS-93226mwkf7C,"400,000 ₫","195,300",101,101,135.8K,"2,14K",101.9K₫,9%
34,iamhany2_,https://www.tiktok.com/@iamhany2_?_r=1&_t=ZS-9321pBdKqQx,"500,000 ₫","208,100",329.1K₫,260,225.7K,"4,65K",135.1K₫,8%
35,linhkhanhtran21,https://www.tiktok.com/@linhkhanhtran21?_r=1&_t=ZS-931kXhz6t6u,Freecast ,"35,000",17.6M₫,2K,"358.1K
","1,9K","0₫-131.3K₫",8%
36,thuithui181,https://www.tiktok.com/@thuithui181?_r=1&_t=ZS-92ypIcHfl5D,"100,000 ₫","14,700",895.3K₫,"1,03K",802.9K₫,792,79.0K,8%
37,mitna1202,https://www.tiktok.com/@mitna1202?_r=1&_t=ZS-92yRxhryChe,,"25,500",100K₫-500K₫,"1,72K",802.9K₫,792,79.0K,8%
38,hq.2012,https://www.tiktok.com/@hq.2012?shop_region=VN,"800,000 ₫","9,871",0-50K₫,144,336.9K,"2,06K","315.3K₫",7%
39,"bonlendo.o.0
",https://www.tiktok.com/@bonlendo.o.0?shop_region=VN,Freecast ,"11,900",791.5M₫,486.96K,35.1K,110,346.5K,7%
40,"maimailienn
",https://www.tiktok.com/@maimailienn?shop_region=VN,Freecast ,"23,000",4.8M₫,"52,38K",27.8K,106,131.4K₫-262.7K₫,7%
41,"phngc.anh
",https://www.tiktok.com/@phngc.anh?shop_region=VN,Freecast ,"8,270",895.3K₫,186,120.6K,10,181.3K₫,7%
42,metnamnam,https://www.tiktok.com/@metnamnam?shop_region=VN,Freecast ,"4,461",486.96K,149,49.5K,1,101.9K₫,6%
43,thor.oday,https://www.tiktok.com/@thor.oday?shop_region=VN,Freecast ,"13,000","52,38K",101,125.7K,145,135.1K₫,6%
44,imkieulinh,https://www.tiktok.com/@imkieulinh?shop_region=VN,"200,000 ₫","98,300",186,260,226.6K,7,234.0K,6%
45,thichmacdepppp,https://www.tiktok.com/@thichmacdepppp?shop_region=VN,Freecast ,"10,100",149,2K,23.0K,5,0₫-131.4K₫,1%
46,thao_wwy,https://www.tiktok.com/@thao_wwy?shop_region=VN,Freecast ,"14,100",101,"1,03K",23.0K,50,0₫-131.4K₫,"7,5%"
47,"anhpu.4
",https://www.tiktok.com/@anhpu.4?shop_region=VN,"500,000 ₫","49,000",655.6M,"1,72K",99.2K₫,"7,08K",118.0K₫,"9,49%"
48,"em.lan.review
",https://www.tiktok.com/@em.lan.review?shop_region=VN,"500,000 ₫","59,700",714.8M,144,135.8K,21,131.4K₫-262.8K₫,"8,15%"
49,bichngoc23026,https://www.tiktok.com/@bichngoc23026?shop_region=VN,Freecast,"13,400",501.3M,158,225.7K,"4,25K",131.3K₫-262.7K₫,"9,75%"
50,thanhchucluong,https://www.tiktok.com/@thanhchucluong?shop_region=VN,Freecast,"50,900",777M,486.96K,23.0K,"4,25K",101.9K₫,"7,84%"
51,zzin200x,https://www.tiktok.com/@zzin200x?shop_region=VN,Freecast,"12,800",455.4M,"52,38K",99.2K₫,"1,64K",135.1K₫,8%
52,"daothimyduyen.134
",https://www.tiktok.com/@daothimyduyen.134?shop_region=VN,Freecast,"18,200",1B,186,135.8K,"7,08K",234.0K,"7,12%"
53,ngocngannguyen16,https://www.tiktok.com/@ngocngannguyen16?shop_region=VN,"200,000 ₫","164,300",455.4M,149,225.7K,21,101.9K₫,"7,5%"
54,ngocpinxu,https://www.tiktok.com/@ngocpinxu?shop_region=VN,Freecast ,"15,200",1.0B,101,225.7K,"4,25K",135.1K₫,"6,5%"
55,tuilatienday1306,https://www.tiktok.com/@tuilatienday1306?shop_region=VN,"800,000 ₫","711,000",759.7M,260,"1,8Tr ","8,79K",234.0K,"7,5%"
56,"thuongnguyen.1604
",https://www.tiktok.com/@thuongnguyen.1604?shop_region=VN,"100,000 ₫","121,500",629.9M,2K,35.1K,110,346.5K,"7,5%"
57,"quynhanh020296
",https://www.tiktok.com/@quynhanh020296?shop_region=VN,"300,000 ₫","620,700",441.4M,"1,03K",27.8K,106,131.4K₫-262.7K₫,"7,5%"
58,huongshops,https://www.tiktok.com/@huongshops?shop_region=VN,Freecast ,"7,877",441.4M,"1,72K",120.6K,10,181.3K₫,"6,98%"
59,diemduyendang98,https://www.tiktok.com/@diemduyendang98?shop_region=VN,Freecast ,"4,320",442M,144,49.5K,1,101.9K₫,"7,5%"
60,hientrendyy,https://www.tiktok.com/@hientrendyy?shop_region=VN,Freecast ,"10,900",1.4B,101,125.7K,145,135.1K₫,"7,5%"
61,"samsamm.101120
",https://www.tiktok.com/@samsamm.101120?shop_region=VN,Freecast ,"35,200",674.1M,260,226.6K,7,234.0K,"6,5%"
62,chutttt55,https://www.tiktok.com/@chutttt55?shop_region=VN,Freecast ,"10,400",1.3B,2K,23.0K,5,0₫-131.4K₫,"7,5%"
63,changlendo_,https://www.tiktok.com/@changlendo_?shop_region=VN,Freecast ,"2,264",487.1M,"1,03K",23.0K,50,0₫-131.4K₫,"7,5%"
64,"phuongmai._.205
",https://www.tiktok.com/@phuongmai._.205?shop_region=VN,Freecast ,"6,701",224.6M,"1,72K",99.2K₫,"7,08K",118.0K₫,"7,5%"
65,vdlinh5,https://www.tiktok.com/@vdlinh5?shop_region=VN,Freecast ,"23,200",171.6M,144,135.8K,21,131.4K₫-262.8K₫,"6,5%"
66,"changg.revieww
",https://www.tiktok.com/@changg.revieww?shop_region=VN,Freecast ,"1,933",171.6M,486.96K,225.7K,"4,25K",131.3K₫-262.7K₫,"7,33%"
67,"meowxinhshop22
",https://www.tiktok.com/@meowxinhshop22?shop_region=VN,"450,000 ₫","38,600","617,7M","52,38K",35.1K,110,0₫-131.4K₫,"6,5%"
68,macdepcungmaiphuong,https://www.tiktok.com/@macdepcungmaiphuong?shop_region=VN,"450,000 ₫","33,800","617,7M",186,27.8K,106,118.0K₫,"11,99%"
69,thuyynhavenus,https://www.tiktok.com/@thuyynhavenus,Freecast,"2,396",26M,149,120.6K,10,131.4K₫-262.8K₫,"7,5%"
70,cucai_outfits,https://www.tiktok.com/@cucai_outfits?shop_region=VN,"200,000 ₫","30,600",1.7B,101,49.5K,1,131.3K₫-262.7K₫,"5,5%"
71,"hchanq.daily
",https://www.tiktok.com/@hchanq.daily?shop_region=VN,"200,000 ₫","33,900",329.1K₫,260,125.7K,145,101.9K₫,"8,49%"
72,"vr.sad1
",https://www.tiktok.com/@vr.sad1?shop_region=VN,"300,000 ₫","217,600",17.6M₫,2K,226.6K,7,135.1K₫,"7,5%"
73,benamlendo203,https://www.tiktok.com/@benamlendo203?shop_region=VN,"500,000 ₫","345,900",895.3K₫,"1,03K",23.0K,5,234.0K,"5,5%"
74,linhquanao223,https://www.tiktok.com/@linhquanao223?shop_region=VN,Freecast,"19,100",100K₫-500K₫,"1,72K",23.0K,50,101.9K₫,"7,5%"
75,thienhuong910317,https://www.tiktok.com/@thienhuong910317?shop_region=VN,"200,000 ₫","112,700",0-50K₫,144,99.2K₫,"7,08K",0₫-131.4K₫,1%
76,"thao.linh431
",https://www.tiktok.com/@thao.linh431?shop_region=VN,Freecast,"45,700",791.5M₫,"1,72K",135.8K,21,118.0K₫,"7,5%"
77,"quynhh.nga97
",https://www.tiktok.com/@quynhh.nga97?shop_region=VN,"400,000 ₫","316,800",4.8M₫,145,225.7K,"4,25K",131.4K₫-262.8K₫,"9,49%"
78,chiiriviu,https://www.tiktok.com/@chiiriviu?shop_region=VN,Freecast,"205,400",895.3K₫,"2,25K","367,2K ","21,9K",131.3K₫-262.7K₫,"8,15%"
79,thaoanhlv,https://www.tiktok.com/@thaoanhlv?shop_region=VN,"100,000 ₫","10,900",486.96K,486.96K,35.1K,110,101.9K₫,"9,75%"
80,babykhongtuoi,https://www.tiktok.com/@babykhongtuoi?shop_region=VN,Freecast,"7,752","52,38K","52,38K",27.8K,106,135.1K₫,"7,84%"
81,bunclothing,https://www.tiktok.com/@bunclothing?shop_region=VN,"600,000 ₫","176,900",186,186,120.6K,10,234.0K,8%
82,hienpiii1,https://www.tiktok.com/@hienpiii1?shop_region=VN,"500,000 ₫","59,200",149,149,49.5K,1,101.9K₫,"7,12%"
83,"khanhthuboutique
",https://www.tiktok.com/@khanhthuboutique?shop_region=VN,"300,000 ₫","296,700",101,101,125.7K,145,0₫-131.4K₫,"7,5%"
84,"maimailienn
",https://www.tiktok.com/@maimailienn?shop_region=VN,"100,000 ₫","23,000",769M,260,226.6K,7,118.0K₫,"6,5%"
85,thugneee,https://www.tiktok.com/@thugneee?shop_region=VN,"500,000 ₫","81,400",769M,2K,23.0K,5,131.4K₫-262.8K₫,"7,5%"
86,thanhdayne99,https://www.tiktok.com/@thanhdayne99?shop_region=VN,"800,000 ₫","305,700",1.7B,"1,03K",23.0K,50,131.3K₫-262.7K₫,"7,5%"
87,vtknghi99,https://www.tiktok.com/@vtknghi99?shop_region=VN,Freecast ,"4,222",211M,"1,72K",99.2K₫,"7,08K",101.9K₫,"7,5%"
88,kichi090100,https://www.tiktok.com/@kichi090100?shop_region=VN,Freecast ,"2,199",200M,144,135.8K,21,135.1K₫,"6,98%"
89,mainho0596,https://www.tiktok.com/@mainho0596?shop_region=VN,Freecast ,"4,438",184M,486.96K,225.7K,"4,25K",234.0K,"7,5%"
90,khanhlinhdoxinh,https://www.tiktok.com/@khanhlinhdoxinh?shop_region=VN,"200,000 ₫","72,700",2.9B,"52,38K",135.8K,50,101.9K₫,"7,5%"
91,chendi8899,https://www.tiktok.com/@chendi8899?shop_region=VN,"150,000 ₫","37,500",2.1B,186,225.7K,"7,08K",0₫-131.4K₫,"6,5%"
92,_thaoiune,https://www.tiktok.com/@_thaoiune?shop_region=VN,Freecast ,"11,500",895.3K₫,149,35.1K,21,118.0K₫,"7,5%"
93,thanhhang_8989,https://www.tiktok.com/@thanhhang_8989?shop_region=VN,"700,000 ₫","455,400",486.96K,101,27.8K,"4,25K",131.4K₫-262.8K₫,"7,5%"
94,mauduongkhiet,https://www.tiktok.com/@mauduongkhiet?shop_region=VN,"100,000 ₫","127,100","52,38K",260,120.6K,"21,9K",131.3K₫-262.7K₫,"7,5%"
95,_baoviday,https://www.tiktok.com/@_baoviday?shop_region=VN,"100,000 ₫","113,200",186,2K,49.5K,110,101.9K₫,"6,5%"
96,duyenmalum102,https://www.tiktok.com/@duyenmalum102?shop_region=VN,Freecast ,"1,879",149,"1,03K",125.7K,106,135.1K₫,"7,33%"
97,phoidodep_com,https://www.tiktok.com/@phoidodep_com?shop_region=VN,"400,000 ₫","70,600",101,"1,72K",226.6K,50,234.0K,"6,5%"
98,nanakimdua,https://www.tiktok.com/@nanakimdua?shop_region=VN,"250,000 ₫","211,200",769M,144,23.0K,"7,08K",101.9K₫,"11,99%"
99,tramiirewiew,https://www.tiktok.com/@tramiirewiew?shop_region=VN,Freecast ,"36,100",1.4B,486.96K,23.0K,21,0₫-131.4K₫,"7,5%"
100,"_hri.yien_
",https://www.tiktok.com/@_hri.yien_,"300,000 ₫","218,200",895.3K₫,"52,38K",99.2K₫,"4,25K",118.0K₫,"5,5%"
101,minaashmi,https://www.tiktok.com/@minaashmi,"300,000 ₫","914,300",486.96K,186,135.8K,"21,9K",131.4K₫-262.8K₫,"8,49%"
102,hoathanhduongreview,https://www.tiktok.com/@hoathanhduongreview?shop_region=VN&shop_id=7494264766083270553,"100,000 ₫","17,700","52,38K",149,225.7K,110,131.3K₫-262.7K₫,"7,5%"
103,hathuysinh1,https://www.tiktok.com/@hathuysinh1?shop_region=VN&shop_id=7494264766083270553,Freecast ,"6,979",186,101,225.7K,106,101.9K₫,"5,5%"
104,founrin,https://www.tiktok.com/@founrin?shop_region=VN&shop_id=7494264766083270553,Freecast,"35,500",149,260,"725,3K ","4,3K","173,2K ","7,5%"
105,ngc.anh.shop375,https://www.tiktok.com/@ngc.anh.shop375?shop_region=VN&shop_id=7494264766083270553,Freecast ,"37,200",101,2K,"725,3K ",110,101.9K₫,"8,66%"
106,hienhoidieu,https://www.tiktok.com/@hienhoidieu?shop_region=VN&shop_id=7494264766083270553,Freecast,"8,800",769M,"1,03K","669,4K ",106,139K ,"7,5%"
107,nh.nguyt7580,https://www.tiktok.com/@nh.nguyt7580?shop_region=VN&shop_id=7494264766083270553,"250,000 ₫","18,800","580,4Tr ","1,72K","669,4K ","4,3K",101.9K₫,"5,5%"
108,dieuvanday,https://www.tiktok.com/@dieuvanday?shop_region=VN&shop_id=7494264766083270553,"300,000 ₫","137,000","3,7T ",144,"669,4K ","4,3K",101.9K₫,"5,5%"
MẢNG MỸ PHẨM/CHĂM SÓC SẮC ĐẸP,,,,,,,,,,
1,ngocbeauty01,https://www.tiktok.com/@ngocbeauty01?shop_region=VN&shop_id=7494498083498263562,Free Cast,"17,000","2,000,000,000 ₫",293,"295,000 ₫","23,200","143,300 ₫","7,5%"
2,hng.review862,https://www.tiktok.com/@hng.review862?shop_region=VN&shop_id=7494498083498263562,Free Cast,"10,800","10,000,000 ₫",486,"23,000 ₫","6,290","274,800 ₫",5%
3,lethiloan2001,https://www.tiktok.com/@lethiloan2001?shop_region=VN&shop_id=7494498083498263562,"300,000 ₫","52,100","4,700,000,000 ₫","4,040","108,600 ₫","68,230","72,200 ₫","7,5%"
4,"ngoclam_a
",https://www.tiktok.com/@ngoclam_a?shop_region=VN&shop_id=7494498083498263562,Free Cast,"18,500","1,700,000,000 ₫","1,230","163,500 ₫","12,850","151,900 ₫","6,5%"
5,bingoxinchao203,bingoxinchao203,Free Cast,"10,400","4,000,000,000 ₫",319,"373,500 ₫","20,790","225,300 ₫",7%
6,lilyriviu888,https://www.tiktok.com/@lilyriviu888?shop_region=VN&shop_id=7494498083498263562,Free Cast,"39,700","2,300,000,000 ₫","3,160","229,200 ₫","30,320","85,000 ₫","7,5%"
7,auroracastle2,https://www.tiktok.com/@auroracastle2?shop_region=VN&shop_id=7494498083498263562,"300,000 ₫","102,700","7,200,000,000 ₫","105,700","4,700,000 ₫","32,800","296,700 ₫",1%
8,changiusale,https://www.tiktok.com/@changiusale?shop_region=VN&shop_id=7494498083498263562,Free Cast,"10,900","2,500,000,000 ₫","1,200","189,700 ₫","18,340","144,400 ₫","7,65%"
9,chau.anh29,https://www.tiktok.com/@chau.anh29?shop_region=VN&shop_id=7494498083498263562,"200,000 ₫","8,500","1,300,000,000 ₫",967,"201,300 ₫","10,170","152,500 ₫","7,5%"
10,myaidayne.0,https://www.tiktok.com/@myaidayne.0?shop_region=VN&shop_id=7494498083498263562,Free Cast,"5,200","3,300,000,000 ₫","1,160","171,400 ₫","20,260","175,700 ₫","7,5%"
11,rin.review22,https://www.tiktok.com/@rin.review22?shop_region=VN&shop_id=7494498083498263562,"200,000 ₫","10,700","2,200,000,000 ₫",941,"108,100 ₫","16,570","156,200 ₫","8,66%"
12,thuongtone,https://www.tiktok.com/@thuongtone?shop_region=VN&shop_id=7494498083498263562,Free Cast,"6,800","3,600,000,000 ₫","1,280","109,800 ₫","20,280","169,900 ₫","7,5%"
13,"huyenmonhugo
",https://www.tiktok.com/@huyenmonhugo?shop_region=VN&shop_id=7494498083498263562,"200,000 ₫","13,700","1,200,000,000 ₫",502,"342,600 ₫","5,280","250,300 ₫","5,5%"
14,huynhthithaonguye,https://www.tiktok.com/@huynhthithaonguye?shop_region=VN&shop_id=7494498083498263562,Free Cast,"32,800","1,690,000,000 ₫","2,060","924,000 ₫","17,200","97,200 ₫","8,24%"
15,lizzy.meteam,https://www.tiktok.com/@lizzy.meteam?shop_region=VN&shop_id=7494498083498263562,"500,000 ₫","23,700","1,600,000,000 ₫","1,620","2,900,000 ₫","12,050","144,700 ₫","9,5%"
16,ngoctam.tran,https://www.tiktok.com/@ngoctam.tran?shop_region=VN&shop_id=7494498083498263562,"200,000 ₫","15,200","4,700,000,000 ₫","1,340","349,600 ₫","16,550","302,100 ₫","7,85%"
17,"be.i266
",http://tiktok.com/@be.i266?shop_region=VN&shop_id=7494498083498263562,Free Cast,"14,500","1,900,000,000 ₫",585,"275,000 ₫","15,770","136,300 ₫","8,38%"
18,hanhchamda,https://www.tiktok.com/@hanhchamda?shop_region=VN&shop_id=7494498083498263562,"200,000 ₫","22,100","3,000,000,000 ₫","2,480","2,200,000 ₫","9,050","370,000 ₫","6,5%"
19,unboxnha1,https://www.tiktok.com/@unboxnha1?shop_region=VN&shop_id=7494498083498263562,Free Cast,"6,300","1,800,000,000 ₫",83,"105,400 ₫","30,380","62,800 ₫","6,5%"
20,chichdeomandep,https://www.tiktok.com/@chichdeomandep?shop_region=VN&shop_id=7494498083498263562,Free Cast,"3,200","1,300,000,000 ₫",474,"570,400 ₫","4,230","320,000 ₫","7,65%"
21,phuongmet57,https://www.tiktok.com/@phuongmet57?shop_region=VN&shop_id=7494498083498263562,"200,000 ₫","10,300","4,600,000,000 ₫","2,610","163,300 ₫","30,000","165,800 ₫","7,5%"
22,yangho.bando,https://www.tiktok.com/@yangho.bando?shop_region=VN&shop_id=7494498083498263562,Free Cast,"52,100","2,700,000,000 ₫",876,"331,400 ₫","17,340","167,500 ₫",8%
23,"
hphuong.beautystore",https://www.tiktok.com/@hphuong.beautystore?shop_region=VN&shop_id=7494498083498263562,Free Cast,"32,400","1,500,000,000 ₫",653,"3,100,000 ₫","5,400","306,700 ₫","7,95%"
24,nhunhinhanh4,https://www.tiktok.com/@nhunhinhanh4?shop_region=VN&shop_id=7494498083498263562,Free Cast,"5,600","5,500,000,000 ₫",779,"652,600 ₫","645,000","903,600 ₫","9,49%"
25,anhngoc_9833,https://www.tiktok.com/@anhngoc_9833?shop_region=VN&shop_id=7494498083498263562,"200,000 ₫","9,200","1,600,000,000 ₫","3,030","927,100 ₫","7,740","285,300 ₫",6%
26,"mauthanh9595
",https://www.tiktok.com/@mauthanh9595?shop_region=VN&shop_id=7494498083498263562,Free Cast,"17,000","1,900,000,000 ₫",19,"190,700 ₫","2,830","702,800 ₫","8,2%"
27,"
beaubybim",https://www.tiktok.com/@beaubybim?shop_region=VN&shop_id=7494498083498263562,"200,000 ₫","9,600","4,000,000,000 ₫","60,140","107,900 ₫","50,000","88,700 ₫","7,5%"
28,"
meduongtrangolay",https://www.tiktok.com/@meduongtrangolay?shop_region=VN&shop_id=7494498083498263562,"200,000 ₫","8,300","1,200,000,000 ₫","3,810","1,300,000 ₫","5,010","279,100 ₫",1%
29,"
honhiriziu",https://www.tiktok.com/@honhiriziu?shop_region=VN&shop_id=7494498083498263562,Free Cast,"14,700","1,300,000,000 ₫","2,770","221,200 ₫","7,700","172,300 ₫","7,5%"
30,vinh.k55555,https://www.tiktok.com/@vinh.k55555?shop_region=VN&shop_id=7494498083498263562,Free Cast,"38,100","1,300,000,000 ₫",654,"312,300 ₫","7,700","187,700 ₫",7%
MẢNG SẢN PHẨM GIA DỤNG,,,,,,,,,,
1,lyra.0893,https://www.tiktok.com/@lyra.0893?shop_region=VN&shop_id=7494498083498263562,,"92,000","1,300,000,000 ₫","3,020","2,400,000 ₫","9,050","283,000 ₫",1%
2,aitran_69,https://www.tiktok.com/@aitran_69?shop_region=VN&shop_id=7494498083498263562,,"84,800","2,300,000,000 ₫","1,100","185,000 ₫","27,400","89,900 ₫","7,5%"
3,nhunhinhanh4,https://www.tiktok.com/@nhunhinhanh4?shop_region=VN&shop_id=7494498083498263562,,"5,600","5,500,000,000 ₫",779,"652,000 ₫","6,450","903,600 ₫","9,49%"
4,calibarbershop,https://www.tiktok.com/@calibarbershop?shop_region=VN&shop_id=7494498083498263562,,"49,400","1,100,000,000 ₫","1,330","141,900 ₫","8,480","144,800 ₫","8,15%"
5,nhicapnhat,https://www.tiktok.com/@nhicapnhat?shop_region=VN&shop_id=7494498083498263562,,"3,400","1,500,000,000 ₫",405,"695,000 ₫","1,380","843,900 ₫","9,75%"
6,"
piuriviu_06",https://www.tiktok.com/@piuriviu_06?shop_region=VN&shop_id=7494498083498263562,,"5,000","1,200,000,000 ₫","1,310","159,000 ₫","8,380","145,800 ₫","7,84%"
7,sansalede,http://tiktok.com/@sansalede?shop_region=VN&shop_id=7494498083498263562,,"14,500","1,300,000,000 ₫",630,"295,700 ₫","5,640","260,100 ₫",8%
8,thuha_moon98,https://www.tiktok.com/@thuha_moon98?shop_region=VN&shop_id=7494498083498263562,,"10,500","2,800,000,000 ₫","1,170","2,600,000 ₫","29,350","108,500 ₫","7,12%"
9,"
thungatong76",https://www.tiktok.com/@thungatong76?shop_region=VN&shop_id=7494498083498263562,,"63,500","911,900,000 ₫",5,"197,300 ₫","9,740","106,900 ₫","7,5%"
10,"
meixiuriviu",https://www.tiktok.com/@meixiuriviu?shop_region=VN&shop_id=7494498083498263562,,"9,100","1,300,000,000 ₫","4,730","90,300 ₫","13,950","97,200 ₫","6,5%"
11,honglily_09,https://www.tiktok.com/@honglily_09?shop_region=VN&shop_id=7494498083498263562,,"34,500","1,300,000,000 ₫","2,860","269,900 ₫","7,220","195,400 ₫","7,5%"
12,"
trangriviuuu_01",https://www.tiktok.com/@trangriviuuu_01?shop_region=VN&shop_id=7494498083498263562,,"16,000","1,900,000,000 ₫","8,920","190,800 ₫","20,300","103,100 ₫","7,5%"
13,"
axiang2review",https://www.tiktok.com/@axiang2review?shop_region=VN&shop_id=7494498083498263562,,"23,800","1,100,000,000 ₫",420,"209,200 ₫","18,090","62,400 ₫","7,5%"
14,tiemcuameuyen,https://www.tiktok.com/@tiemcuameuyen?shop_region=VN&shop_id=7494498083498263562,,"16,000","1,100,000,000 ₫",638,"131,000 ₫","13,840","92,900 ₫","6,98%"
15,tiemtaphoa.com2,https://www.tiktok.com/@tiemtaphoa.com2?shop_region=VN&shop_id=7494498083498263562,,"1,100","1,600,000,000 ₫",100,"162,000 ₫","26,470","108,600 ₫","7,5%"
16,giadinhbongcam,https://www.tiktok.com/@giadinhbongcam?shop_region=VN&shop_id=7494498083498263562,,"27,000","1,000,000,000 ₫","2,840","152,800 ₫","12,690","131,500 ₫","7,5%"
17,realxoaipham,https://www.tiktok.com/@realxoaipham?shop_region=VN&shop_id=7494498083498263562,,"219,000","1,300,000,000 ₫","18,140","212,400 ₫","12,340","127,800 ₫","6,5%"
18,minmetbay,https://www.tiktok.com/@minmetbay?shop_region=VN&shop_id=7494498083498263562,,"66,000","2,600,000,000 ₫",323,"441,200 ₫","11,230","273,100 ₫","7,5%"
19,toithichriviu,https://www.tiktok.com/@toithichriviu?shop_region=VN&shop_id=7494498083498263562,,"8,600","1,000,000,000 ₫","7,290","87,100 ₫","12,520","83,200 ₫","7,5%"
20,1447_1477,https://www.tiktok.com/@1447_1477?shop_region=VN&shop_id=7494498083498263562,,"21,800","1,600,000,000 ₫","10,830","165,500 ₫","18,110","98,800 ₫","7,5%"
21,lee.meteam,https://www.tiktok.com/@lee.meteam?shop_region=VN&shop_id=7494498083498263562,,"18,400","1,000,000,000 ₫",410,"3,700,000 ₫","13,470","131,500 ₫","6,5%"
22,.quangvinh0.5_,https://www.tiktok.com/@.quangvinh0.5_?shop_region=VN&shop_id=7494498083498263562,,"12,200","841,800,000 ₫","1,010","92,400 ₫","8,690","102,100 ₫","7,33%"
23,"changg_changg102",https://www.tiktok.com/@changg_changg102?shop_region=VN&shop_id=7494498083498263562,,"100,200","617,700,000 ₫",159,"372,700 ₫","6,380","150,000 ₫","6,5%"
24,vanbinhne_,https://www.tiktok.com/@vanbinhne_?shop_region=VN&shop_id=7494498083498263562,,"39,400","3,500,000,000 ₫","3,540","2,400,000 ₫","15,500","250,000 ₫","11,99%"
25,vietquan92qn,https://www.tiktok.com/@vietquan92qn?shop_region=VN&shop_id=7494498083498263562,,"363,600","2,100,000,000 ₫",522,"251,500 ₫","11,800","189,200 ₫","7,5%"
26,sister.narukobeauty,https://www.tiktok.com/@sister.narukobeauty?shop_region=VN&shop_id=7494498083498263562,,"114,000","564,200,000 ₫",876,"4,300,000 ₫","3,780","131,500 ₫","5,5%"
27,thanhan1972,http://tiktok.com/@thanhan1972?shop_region=VN&shop_id=7494498083498263562,,"19,900","833,300,000 ₫",890,"109,000 ₫","11,560","76,800 ₫","8,49%"
28,rio100806,https://www.tiktok.com/@rio100806?shop_region=VN&shop_id=7494498083498263562,,"44,400","2,800,000,000 ₫","1,510","146,900 ₫","34,340","90,000 ₫","7,5%"
29,"thanhlam1812",https://www.tiktok.com/@thanhlam1812?shop_region=VN&shop_id=7494498083498263562,,"25,200","500,000,000 ₫",193,"260,900 ₫","7,480","131,500 ₫","5,5%"
30,axiang2review,https://www.tiktok.com/@axiang2review?shop_region=VN&shop_id=7494498083498263562,,"13,900","1,100,000,000 ₫",400,"207,000 ₫","18,330","62,500 ₫","7,5%"